EAN,Supplier_code
4000498032220,Fle-Dog-5m-Bla
4251758673985,son-shr-2tie-bmb
4251758676597,LTV120T46
4251758672100,LBS75X
4251758674333,LYY11G
4251758673787,LBC10WTV1
4251758674067,1-LHS11WT
4251758671394,1-HSR45BX
4251758672094,1-LBS14BX
0088381337786,-
5903332062218,vag-chg-HSR40B
5903332062225,HSR45BX
5903332062201,vsg-clh-rck-HSR41BX
5903332062188,LCR12BX
4251758671530,LET04BX
4251838537664,LSC79BX
PIGU41631103,HSR04B
5903332062232,HSR46BX
5903332062584,LCR11BX
0194343012094,PGW039G02
5903332062263,son-sho-LBS73X
5903332062522,vsg-sho-bnc-LHS30BX
5903332062287,lad-4ti-LTB54NL
5903332062409,tbl-2ti-brw-LWD47X
5903332062331,LBC61WT
5903332062294,LBC61BX
5903332062539,LRC66BX
5903332062423,LWD48X
5903332062249,HSR86BX
5903332062393,LWD40X
5903332062461,LNT50X
5903332062478,LCT61X
5903332062485,LCT88X
5903332062683,LBC32X
5903332062645,LBC65X
5903332062621,LNT012B01
5903332062577,KKS90X
5903332062560,LET31BX
5903332062553,LNT80X
5903332062546,LBT10X
5903332062270,sho-2sf-LBS75X
5903332062669,LSB46BX
5903332062706,KKS35X
5903332062515,LHS10BX
5903332062317,LBC11BX
5903332062751,LLS025B01
6955880358861,LNT39X
5903332062690,LNT11BX
5903332064243,HSR40MG
5903332062720,LSC88BX
5903332062935,vas-kom-LSC092B01
5903332063482,RYG12G
5903332063475,sho-shf-LMR08GB
5903332062904,LBC069B81
5903332063437,BCB55Y
5903332062843,1-1-KDT080B01
5903332062966,KKS60XV1
5903332062874,LNT52BX
5903332063246,LSA06BK
5903332063468,LMR005B
5903332063048,son-tbl-LGT20G
5903332062850,vsg-scb-LBS101B01
6955880359028,vsg-crn-tbl-LWD72X
5903332063062,LWD75X
5903332062836,RVT004B01
5903332062959,LSB47BX
5903332063093,BBC43WT
5903332062942,HSR98BX
5903332062812,LLS061B01
5903332062782,BTS002B01
5903332063109,bth-cab-wht-BBC40WT
5903332063222,bth-shf-BCB02SW
5903332063208,LBS15BX
5903332063147,LRC78X
5903332063277,LET57X
5903332063499,LHS30W
5903332063253,HSR40W
5903332063352,LLS35X
5903332063239,RCR19B
5903332063321,LTV43BX
5903332063185,son-wrd-HSR60B
5903332063192,son-wrd-HSR13BKV1
5903332063154,son-wrd-HSR13S
5903332063161,HSR11S
5903332063178,HSR12S
6955880344222,LBS74X
5903332063284,BCB35Y
6955880326594,OBN86BK
6955880387038,HSR67BK
5903332063291,LCT64X
2955880386574,vsg-Ltb-brn-LWD56X
PIGU66547289,40
5903332063376,tbl-lsh-brw-LWD73X
6955880359103,HSR47BX
6955880392346,LRC72X
4251758680846,2-GKR42WT
4251838563298,LBC10BX
5903332063451,LMR03B
6955880356478,HSR01W
6955880394975,LLD104BY
PIGU66547969,son-3ti-str-shf
PIGU66548394,LCT040B01
PIGU66547574,LSD015X01
PIGU66547624,LSD011B01
PIGU66548279,OBN087B01
PIGU66548399,LBC070B01
PIGU66547589,B34OBN063B01
PIGU66547954,PDC70GY
PIGU66547564,LSD114X01
PIGU66548144,CRW031NL
PIGU66549899,son-wrd-RGR110B01
PIGU66548424,son-fdl-2sp-GSL02WT
PIGU66548824,vsg-tbl-LGT027B01
PIGU66549299,LSD012W01
PIGU66549314,LSD011B02
PIGU66549304,LSD011W01
PIGU66549309,LSD012B02
PIGU66548419,HSR400B01
PIGU66549769,1-RGR112B01
PIGU66548699,1-RVT004B01
PIGU66550614,vas-book-â€ŽLLS101B0
PIGU66553189,fea-bag-PDC90H
PIGU66550714,60-bwn-LWD55X
PIGU66551574,LYY011G01
PIGU66550039,-
PIGU66551444,OBN034G01
PIGU66551899,JJC002W01
PIGU66553044,KST06BF
PIGU66551689,GGB479
PIGU66553544,HSR41MB
PIGU66554484,BG064B01
PIGU66554739,KSC08WT
PIGU66554154,GKR42WT
PIGU66553644,GKR33WT
PIGU66556794,LLS55BX
PIGU66555774,LET33BX
PIGU66555949,1-KKS60XV1
PIGU66556784,1-LSC80BX
PIGU66554884,LLD105B01
PIGU66553764,OBN37BK-1
PIGU66557489,son-wrd-HSR062BK
PIGU66557714,shf-bok-chd-LSN12BK
PIGU66557724,shf-sho-12-wht-LPC34L
PIGU66558804,shf-bok-sys-LPI44H
PIGU66559059,lad-3st-GSL03WT
PIGU66557859,LSC37BX
PIGU66556954,JJC99WT
PIGU66558989,1-HSR11S
PIGU66559534,LYY10M
PIGU66557099,GCB21H
PIGU70058548,sng-rck-RCR028B01
PIGU70058563,UKHSR409B01
PIGU70109933,RXJ024G02
PIGU66559604,1-OBN86BK
PIGU70110023,PCT111H01
PIGU66559794,1-PPD42H
PIGU70109888,1-LLS107B01
PIGU70058538,JJC007W01
4251838563014,LCT230B01
PIGU70058653,LBS803B01
5903332063642,son-tbl-LGT26G
5903332063697,LGT28G
PIGU70110493,LBC232B01
PIGU70110143,PIGU70110143
5903332063703,LCR11WY
PIGU70110138,LLS082B01
5903332063659,LGT27G
5903332063734,LWD64N
5903332063680,LGT029A01
5903332063635,LGT025A01
0194343022413,RGR112B01
6955880340996,son-cft-rgd-LGT021B01
0194343103952,vsg-crn-tbl-LWD72MB
6955880386574,LWD56BK
5903332063666,RDT113W01
0194343030753,LBC168T14
0194343022628,RGR111B01
0194343022772,LWD55X
6955880398911,LWD54X
0194343011240,RCR016B02
0194343018256,fea-115-dgr-PCT141G01
6955880325832,bth-scb-wht-BBC43WT
6955880387793,RCR04WT
0194343018270,PCT160G01
6955880325849,BBC42WT
0194343026602,LBC074B01
6955880359974,RCR15WY
0194343012063,PGW040G01
0194343012100,PGW040G02
0194343012070,PGW037G02
0194343024561,FEA/Scr/143/Pil
0194343018300,fea-scr-206-grey
0194343018294,fea-scr-206-gsk
0194343018287,fea-scr-142-PCT160W01
0194343026206,PCT191W01
0194343027524,PCL002X02
6955880301966,PCT90G
0194343026213,PCT191G01
6955880393831,HSR40MB
6955880316496,RDT60WT
6955880304844,Fea/Big/141/Gre
6955880306411,fea-scr-PCT70HW
6955880309627,dog-cag-xl-PPD36BK
6955880309634,dog-cag-xl-PPD42BK
6955880316151,dog-bed-110-PGW12GG
6955880310777,dog-bed-75-PGW10GG
6955880301973,PCT90M
6955880318247,PCT86W
0194343014739,LWR020B01
6955880319268,PTD60B
6955880329861,PCT61W
6955880336951,Fea-Dog-60x-Bla
6955880329410,Fea/Scr/PCT60W
6955880358939,vsg-clh-rck-LCR80X
6955880337392,fea-out-enc-PPK81H
6955880329854,PCT99W
0194343027814,B34RDT120T10
6955880337972,PGW03Z
6955880325719,PCT17G
6955880319275,PTD90B
6955880340378,Fea/Cat/PCT/Gre
6955880343690,Fea-Dog-XXL-Clp
6955880339891,Fea-Dog-240-sec
0194343028132,caf-tbl-rnd-LCT040B01
6955880343683,dog-cag-xl-PPD36H
6955880343706,dog-cag-PPK88G
0194343034201,LGT050A01
6955880341023,PCT01W
0194343027531,LCT091A10
6955880316625,LCT09BX
6955880387557,Fea-Dog-60x-Gre
6955880357789,PCT98W
6955880357116,fea-out-apt-PPK04GY
6955880353286,fea-out-enc-PPK81G
6955880352623,dog-cag-xxl-PPD42H
6955880357123,dog-fnc-PPK04BK
6955880353293,PPK86G
6955880357444,PCT52W
6955880386567,PGW65G
6955880386529,PGW55C
6955880393992,PCT51G
6955880387564,fea-tbg-PDC70GY
6955880396252,dog-bed-90-PGW11CC
6955880392292,LET56BX
6955880393985,PCT15GYZ
6955880399321,STB12BK
6955880328703,STP8RY
6955880391462,PGW32GG
6955880391455,PGW31GG
6955880391479,PGW33GG
0194343107790,off-chr-OBN37WT
0194343107295,sng-clh-rck-RCR004B01
0194343107530,sng-clh-rck-whi-RCR010W02
6955880387694,ofc-arr-OBN61BKV1
6955880320608,LHC002
0194343020617,RDT119W01-2
6955880398898,LWD74X
6955880359578,LGR13BX
0194343023663,LLS105B01
6955880334841,OBN52BK
0194343027180,fea-scr-PCT164X01
0194343031323,PCT143W01
6955880303083,ofc-wms-OBN15BK
0194343011363,OBN057B02
6955880393268,OBN25BK
6955880387052,LWD59X
6955880398904,LWD65X
6955880358670,LWD64X
6955880325924,LWD64B
6955880399703,OBN33BK
6955880398744,vsg-sh-org-LBS14BX
6955880301980,scr-grl-152-PCT90W
6955880306343,OBG77BG
0194343031330,PCT143G01
0194343104300,PCT087G01
0194343032016,PCL002X01
0194343108841,OBN034B01
6955880387021,LWD41X
6955880387045,LWD58X
0194343027876,LCR103B01
6955880344833,fea-143-pct-15w
6955880357765,PCT98G
6955880354009,dog-trp-bag-bcl-PDC70H
6955880329847,PCT99G
6955880393862,sho-bnc-2tie-LBS73MB
0194343011561,LBS078B01
6955880304851,PCT18GYZ
6955880357338,OBG65BK
0194343022741,LGT033A01
6955880318223,PCT86G
0194343020730,vsg-chr-OBG019G02
6955880392322,vsg-ktc-shf-KKS96X
6955880306275,bok-shf-10+LBC10WTV1
0194343103464,B34LBC022B01
0194343015583,BBK140W01
0194343020167,BBK142X01
0194343103594,OBG073B03
6955880308743,OBG38BG
0194343020747,OBG077B01
PIGU72519353,PCT019W01
6955880358182,wrd-fcs-YG02GY
6955880348787,RYG12B
6955880394364,sng-shf-crn-LBC20BK
0194343104706,sng-shf-gre-LBC020M01
0194343020709,OBG012G
0194343030678,LBC167T14
6955880357390,RYG02BK
6955880323746,RYG84G
6955880314270,RYG84H
0194343015903,RYG084G22
6955880325603,RFB03G
0194343015781,son-shr-RXJ024G02
0194343027845,LBC121B01
6955880333905,LBC63WT
6955880358144,RLB12GY
6955880390519,RST56WG
6955880359929,ROB30GB
6955880323623,RFB03H
6955880347667,RXJ10G
0194343010472,RFB029T01
6955880354702,son-han-shl-RDH04G
6955880333516,bok-shf-8cp-LBC24WT
6955880301522,LBC42WT
0194343016269,RDR001G02
0194343020501,RFB006B01
6955880322770,RCH06G
6955880341672,RCR17B
6955880317004,RCR19W
0194343026879,RFB029A02
194343106403,RFB001B03
PIGU72942293,60-gre-LWD47MB
PIGU72942353,B34LSD016X01
PIGU72942318,LSD012B02-2
6955880308262,RCG52BW
6955880354634,LCD812B
6955880336852,LCD852W
6955880333363,OSC01BK
6955880386734,OSC06BK
6955880353798,LCD811W
0194343020778,RCG026B01
0194343017808,OFS046B01
6955880392285,vag-ctb-LCT80BX
6955880340934,OMC06GB
6955880358748,tvb-48i-LTV41BX
0194343102474,LHS24WT
0194343102467,LHS21WT
6955880301133,OFS44Y
6955880304783,LHS20WT
6955880359226,OFS45NL
0194343020006,LTV102X01
0194343105352,kom-wht-OFC010W01
0194343023199,kom-blc-OFC010B01
6955880309139,Rol-con-OFC63BK
6955880358656,cnt-2sh-wht-LCD22WV1
6955880334797,cnt-lck-rol-OFC60WT
0194343108254,LBT013B01
6955880387014,LBT12X
0194343021379,OFC030B01
194343107653,LCS001G01
0194343105932,LBT015B02
6955880334209,sng-tsh-60l-LTB60NL
6955880315390,LUC49W
0194343025032,LVT24H
6955880394081,LTB60WT
0194343016290,LVT02H
6955880390281,LTV09WT
0194343104850,LWS085W01
0194343015712,LTS103B01
194343021782,LTV100B01
194343019925,LTV095B02
0194343107127,vas-tv-shf-LTV027X01
0194343107110,vsg-shr-9cp-LHS058X01
6955880304042,LTB54NL
6955880398669,B34LTB54BK
0194343014104,RDT172W01
6955880305940,LTB60BK
0194343014753,HSR66BXV2
0194343014845,HSR65BXV1
6955880386970,BBC05WT
0194343019987,LHS056X01
6955880392377,LSC80BX
0194343027692,LSB060T01
194343027708,LSB061T10
6955880325870,BBC01WT
019434301822,BBC040G01
6955880357635,KTB33X
0194343024875,LBS036B01
0194343026770,LBS800B01
0194343018188,BBC001G01
0194343014210,RDT152W01
194343023090,tv-tbl-3rw-LTV301B01
6955880398676,LTB54BK
0194343023632,OFC040B01
0194343011585,LBS016B01
0194343103969,OFC71X
0194343026381,OFC077B01
6955880398706,LNT10BX
0194343030029,LTV300B01
0194343023717,OFC042B01
6955880399376,LSC86BX
6955880398812,vas-ctb-LNT14BX
194343025339,vdg-bck-rgl-LLS107B01
6955880391752,grb-30l-blk-LTB30BK
6955880305834,grb-2X20-wht-LTB40WT
6955880353255,LTB45L
0194343101903,LTB30WT
0194343108063,LTB24WT
194343019031,LNT089B01
194343109589,LNT020B01
6955880387731,LNT05BX
194343030579,vsg-bok-LLS155B01
6955880336494,sng-3x8-LTB24L
194343023144,LBT218B01
6955880387939,LBT25X
194343108247,KDT080B01
194343105338,KKI01BX
194343106915,KKS035B02
194343107851,LLS201N01
194343022727,LLS016B01
194343101187,LBC66BXV1
6955880309894,bth-hng-cab-wht-BBC27WT
194343104621,vsg-sho-cbn-LBC040X01
194343108803,tbl-hgt-adj-LSD010B01
194343020679,elc-tbl-frm-LSD010W01
194343104614,LBC040W01
6955880309764,BBC24WT
6955880343973,LBC04NW
6955880326532,LBC03NL
194343021584,BBC340W01
194343017617,LBC034W01
6955880386680,son-sho-LSP08SWT
6955880386673,LSP08MWT
6955880359059,LCT31BX
194343023021,vas-chr-2st-LDC095B01
194343022765,LBC032B02
6955880398621,LTB03WT
6955880328161,LTB03NL
194343031187,LBC054T14
194343104737,LBC061M01
6955880344703,LTB14GS
6955880319886,LHC41W
6955880320592,LHC40W
6955880303137,LHS10WT
6955880325887,LHS11WT
5903332063758,LGT026B01
6955880341115,LHS10NL
6955880308989,LSP06TP
6955880327348,LSP12WT
6955880358571,LNT81BX
6955880387977,LHS10XB
194343021973,tbl-kns-gld-LGT024A01
194343014135,LWD041B02
194343013930,LWD073B02
194343025896,LWD038B02
194343023601,LWD088B01
194343032696,LWD080B01
194343108315,LWD066B01
194343013909,LWD042B02
194343023922,LGT020B01
194343032665,LWD082B01
194343026411,rck-3sh-HSR400B01
194343028958,HSR408B01
194343027593,LBC026B01V1
194343106953,LBC027B01
194343021546,LDB002W01V1
6955880394418,LBC02BX
194343026725,BBK144W01
194343026497,BBK123B01
194343026756,BBK122W01
194343020143,BBK111X01
194343028545,194343028545
6955880316649,vas-bkc-LBC09BX
194343012049,vas-tbl-bdr-LET502B01
194343023113,LLS803B01
194343012056,LET501B01
194343106984,LSC079B02
6955880359950,LMR32BX
194343025711,LSC260G10
194343032917,LET600B20
194343103419,LSC013B01
6955880316670,vsg-vsg-bkh-LBC52BX
194343026817,LET040B02
194343012612,HSR087B01
6955880325900,BCB60W
194343025315,LCT201B01
6955880359073,1-LET04BX
194343021829,LCT200B01
194343030494,HSR065B02
194343106618,LET024B02
194343105819,HSR086B02
194343011493,vsg-ctb-LET221B01
194343017990,LSC096B01
194343025728,LSC260B01
194343018034,LSC098B01
194343018010,LSC099B01
194343029993,LLS045B02
194343012025,LLS025B02
194343107066,LLS044B03
194343011936,LET055B03
194343011943,LET062B02
6955880334254,BBC64WT
6955880386987,BBC50WT
6955880398973,BBC69WT
6955880329014,BBC61WT
194343017921,LSC095B01
194343103327,BBC81WT
6955880398966,BBC51WT
194343021133,BTS005B01
194343011486,BTS004B01
6955880357727,BBC67WT
194343107691,bds-tbl-brn-LET176B01
6955880326839,LET07WN
194343011479,BTS003B01
194343027616,LET330B16
194343021331,LET278B01
194343019932,LET075B02
194343021737,LET352B01
194343024004,LET273B01
194343023373,BTS002B02
194343109121,LET068B01
194343011882,vsg-sdb-2do-LSC092B0
194343105635,LSC083B01
194343021812,LLS101B01
194343011868,LSC089B01
194343021881,BCB60GY
194343027548,BBK161T01
194343030739,LLS081B01
194343115139,LET313B02
194343021669,LET351B01
194343011875,LSC091B01
6955880340521,son-wrd-LSF005GS
6955880322831,son-wrd-LSF003B
6955880359639,box-gre-syt-LSN66BK
0194343017907,son-sho-ti3-LSA303B02
194343029214,BBK151B01
194343030371,BCB020B01V1
0194343015699,LSC101B01
0194343015705,LSC102B01
6955880390779,LSP06CB
0194343024318,LSF001G02
6955880327768,Son/Cag/Sma/Bla
6955880387403,son-sho-10ti-bla
0194343015811,sho-10t-gry-LSA025G02
6955880327775,LPI02H
6955880387410,LSA23BK
6955880347803,LPC30H
6955880351442,LPC10W
6955880333059,LPC03W
0194343015842,LSA005B02
6955880393527,LPT04PY
6955880349043,LLR401
0194343017235,wrb-hrc-wht-LHR42WT
0194343103723,LHR23WT
6955880387533,mtl-shf-5ti-LGR23BK
0194343021355,sng-met-sho-LMR067B01
0194343103730,LHR30WT
0194343024998,LGS45H
6955880336432,LJB93G
0194343021430,LPC005W01
0194343107622,LGR023S01
6955880323944,sng-clh-bsk-LCB10Y
6955880347148,LBS04N
6955880326518,LBS13W
0194343032108,LCB190W01
0194343032085,LCB190G01
6955880301263,LDC31GY
6955880302550,LBS03WG
0194343024677,LDC079G01
6955880335466,LCB74GW
0194343107059,LDC087C01-6
0194343013466,son-spr-3sh-st2-KCS016N01
6955880302628,sng-bkc-KFR08WT
0194343019345,KSC019W01
6955880339082,JKA017TP
6955880316083,LBS02H
6955880322725,JKA009WT
6955880315468,JKA009TP
6955880315444,JKA007BK
6955880398881,KRB30A
194343019741,KSC018W01
6955880332977,jwl-hmg-cab-JJC99WT
6955880305889,JHZ08BK
0194343113319,JHZ013R01
0194343011370,JHZ013B01
6955880315291,JKA005TP
6955880337705,JKA002TP
6955880329564,JHZ08RD
6955880331697,JHZ01B
6955880339747,JDS78W
6955880341009,JJS03CB
6955880315895,jwl-hng-cab-JBC93W
6955880318292,jwl-hng-cab-JBC51W
6955880321285,JBC62W
6955880331505,JDS012B
6955880339754,JDS78B
6955880324187,JBC318B
6955880331123,JBC229
6955880331116,JBC228
0194343021713,JBC159B01
6955880357819,JBC63WV1
6955880319398,HSR05W
6955880317011,HSR05B
194343103761,JBC152W01
0194343031774,HSR060W01
6955880303649,HSR61BK
6955880344116,HSR64BK
6955880356553,HRA10W
6955880329311,HSR07W
194343105888,JBC154B01
0194343013725,JBC152G01
0194343106076,post-box-GMB052G01
6955880358762,3-GKR42WT
6955880356560,HRA10B
0194343016627,GMB053G01
0194343106052,GMB051G02
0194343030067,GMB020B03
0194343106021,GMB020S02
0194343106014,GMB020B02
0194343106069,GMB052B01
6955880390786,GMB51AS
6955880387809,-
6955880337958,1-GKR33WT
0194343018997,GKR070W01
0194343016139,CRW009W01
6955880318063,GFS102B
6955880302413,CRW003-20
6955880357666,CRW003WT20
6955880323999,GKR04W
6955880325450,CRW03W-50
6955880308170,CRW03W10
6955880325276,wch-20u-CRW001-20
6955880306176,CRI45R-20
6955880393367,CRP43G30
0194343107226,CRP041P01
6955880387380,CRI043BK
6955880391165,CRI041GY
6955880335596,CRI041BK
6955880335602,CRI33WT20
6955880323272,CRI33B-20
0194343016108,CRW001W01
0194343025056,BSC33BK
0194343025070,mtl-shf-4ti-BSC034B01
6955880301034,BCB75WN
6955880344635,BCB13WN
6955880344246,JBC239WT
0194343103365,BSC065B01
6955880393350,CRF14PK24
6955880387472,CRF26V
6955880325030,CRI001-50
6955880393329,CRF21PK30
194343025254,RVT004B02
194343103273,GKRS04WT
4251838563168,LTV41BX
4251838563113,LTV09BX
194343035956,JHZ011E01
194343030081,JHZ014B01
5903332063789,BLH201B01
194343030098,GGF010M05
194343102726,RDT32K
194343106007,JJC001W01
194343036526,GKR034W01
0194343013428,GLR040Q01
0194343104119,GLR040B02
6955880329243,JBC323RD
6955880317226,HSR04W
0194343107172,CRF021W02
6955880309979,LDC81GYV1
194343016559,GCB001C01
0194343104089,GLR030B02
6955880394265,JBC239BU
6955880305919,son-sho-8ti-met
0194343025148,son-ktc-KCS02NW
6955880390755,KSC10WT
6955880340552,LBS02WT
6955880316090,LBS03H
6955880307999,JKA009BK
0194343027029,LCB010W01
0194343034508,LCB091G01
0194343027012,LCB091W01
0194343101194,LBC67BXV1
0194343029603,son-sho-LSR110B02
6955880394166,sng-3x8-LTB24GS
0194343024554,PCT161G01
0194343103921,LPC002G01
0194343035505,PCT165W01
6955880332656,LSF77IN
6955880341184,LPC26HV1
0194343025865,LWD046B01
0194343108476,PGW065G01
6955880387397,LSR24BK
4451454727917,Fea/Scr/135/Dag
5198828168141,Son/Cag/Sma/Bl2
7980424003517,Son/2ti/Sma/Bla
7410939319150,Son-Tbl-Ele-Wht
666141906542,Son-Tab-140-Brw
666141906543,Son-Tab-140-Bla
666141906545,Son-Tab-140x70-bck
6955880358526,RFB02LG-3
6955880359622,box-und-gre-RUS08GY
0194343103686,DT114W01
666141906546,Son-Tab-140x70-bwb
5754439329649,sng-cag-san-wht
3081425392801,son-tro-kit-4tie
194343038841,sho-bnc-2tie-LHS011T01
194343012643,LSB049B01
194343036939,LCT207T14
194343103228,CRP041WG02
6955880335701,CRF21BK50
194343024851,LTV096B01
194343033662,PGW077G02
194343037080,tbl-sde-shf-LET224T41
6955880316960,SYL20T
194343030708,STR124V1
194343037615,LBT025B02
194343037837,JBC162B02
194343037820,JBC161B02
194343037455,GKR801G01
194343036014,KCS010N01
6955880352616,PPD30H
194343030159,GSA589G01
6955880399727,JJS11CB
6955880399710,JJS10CB
6955880386598,LWD51X
6955880343942,JHZ11BK
6955880394210,JBC240BU
6955880355013,OBG22B
6955880336999,JWB11B
6955880301713,OBG63BG
6955880341412,JBC239BK
6955880393299,JBC52WV1
6955880342563,1-LYY10M
6955880328789,LAD08NW
6955880334858,LBC02WT
6955880334865,LBC03WT
6955880341177,LPC10HV1
6955880343607,RXJ36G01
6955880358465,LBC17BX
6955880391134,RCG45BK
6955880358779,OBG63BK
6955880391721,LMR12B
6955880306312,LJB04BK
6955880301287,LDC33BR
6955880340484,LDC32BR
6955880399369,LTV39BX
6955880399352,LTV37BX
6955880338863,LJB15G
6955880393879,LCT61MG
6955880315857,LJB14G
6955880387724,LSC12BX
6955880398782,LET35BX
6955880344734,ktc-shf-tie-LGR20BK
6955880358168,RYG24BK
6955880342419,LLR41L
6955880348763,LSF007G
6955880348022,JBC24W
6955880338320,RDT04W
6955880309955,LDC81GN
6955880326150,JBC17W
6955880328185,RDT012WT
6955880387953,LBT60X
6955880315949,RCR01W
6955880359363,LNT93X
6955880333141,KST02BU
6955880399598,GCB27GYV1
6955880307050,GCB26BK
6955880307098,GCB26TG
6955880399543,GCB19BR
6955880307029,GCB19TG
6955880399550,GCB19RD
6955880394739,GGF03GW
6955880394302,GHC10BK
6955880394326,GHC10BE
6955880329502,GSA145BE
6955880329533,GSA165GY
6955880392148,GSH34EY
6955880334926,GRA35GY
6955880391189,GSA153G
6955880307074,GCB26BE
6955880306664,GCB24GY
6955880306725,GCB23GY
6955880305179,GSS33EYV1
6955880399758,GPU33BR
6955880305261,GSS55EYV1
6955880392100,GSS55GY
6955880307661,GSS35QY
6955880392049,GSS34GY
6955880307654,GSS34QY
6955880305193,GSS34IVV1
6955880393244,GPU65WU
6955880392117,GSH23WT
6955880393060,GPU31BR
6955880393091,GPU32BR
6955880393107,GPU32GY
6955880393138,GPU60OW
6955880393152,GPU60WU
6955880393008,GPU30BU
6955880393015,GPU30GN
6955880393022,GPU30RD
6955880393046,GPU30GYV1
6955880393039,GPU30BRV1
6955880358090,RFB06GHM
6955880387076,HSR25BK
6955880393503,RFB03GN
6955880392926,GPU26BR
6955880392933,GPU26GY
6955880392919,GPU26BE
6955880392889,GPU25OG
6955880305018,GPU25BR
6955880305025,GPU25GY
6955880305131,GPU30BE
6955880393978,PCT15BE
6955880350391,LPC06W
6955880390403,CRI042BK
6955880390601,LFS02BK
6955880358151,RLB22GY
6955880352258,RYG83H
6955880306992,PCT61G
6955880351329,RLB02GY
6955880349678,JBC77W
6955880399680,LFS12BK
6955880335572,LPI06H
6955880304837,PCT01M
6955880303724,LPC02W
6955880324873,GSL02WT
6955880357710,GLT04BK
6955880332915,GLT06BK
6955880324859,GSL12WT
6955880316847,GLT36M
6955880342556,GLT23K
6955880354047,PDC90H
194343039084,PPK006T41
194343040806,LET223B56
194343038629,PDC002G01
194343042213,PCT192G01
194343042206,PCT192W01
194343042947,PCT115G01
194343040868,PCT611G01
194343040837,LET223R61
194343042466,PCL007W01
194343031163,JJC013W01
194343038254,KDT081B01
PIGU94016499,HSR62BK
194343036069,RGR111B01V1
194343038988,OBG020G01
194343033709,LLS119B01
194343040691,LPC035B01
194343031231,RYG036B02
194343043432,OMC013B01
194343027739,HSR101B01
194343023700,OFC041B01
0194343032184,HSR103B01
PIGU94286491,LBC026B01V1-2nd
PIGU94287781,LSD016X01
PIGU94287786,1-LSD016X01
0194343031644,LLS114B01V1
PIGU94290211,LBC078B01
0194343031378,LCB002G02
0194343020686,CRI034W02
0194343035543,RYG085B02
0194343032054,RYG094B02
194343034652,BBC846P31
194343031538,B34RGR116B01
194343108032,LLD106B01
194343042060,HSR415W09
0194343025230,LTS137B01
194343014401,LSP032B06
0194343027043,LCB363N01
0194343016153,BSC067W01
0194343021348,LMR066B01
0194343108322,LPC010G01
0194343028002,PCT112X01
0194343031699,BLH211B01
6955880394005,PCT51M
0194343018263,PCT141W01
0194343026220,PCT141M01
0194343031637,PPT001G01
0194343106397,LET040B01V1
0194343014814,KKS019B01
0194343039053,PPT001W01
194343035031,LCB010G01
0194343042169,LBT017B01
0194343043029,BLH201W01
0194343031170,1-LBC078B01
0194343030982,LBS038B01
6955880335527,RCR15BY
6955880320738,RYG84M
6955880327393,SBR02B
0194343042398,BLH101W01
0194343025353,LLS109B01
0194343022635,BBK143X01
6955880303625,RCR16WM
6955880393480,RFB03PK
6955880326600,RLB02G
6955880308057,RLG14GY
6955880348053,RXJ10M
6955880347650,RXJ10K
6955880350001,RXJ36M
6955880343614,RXJ36K
194343016320,RXJ36HV1
6955880348794,RYG12M
6955880313846,GDC15M
6955880351268,GDC15L
6955880327003,GDC14GR
6955880327027,GDC14PK
6955880326983,GDC14BG
6955880326990,GDC14AO
6955880313808,GDC01P
6955880326563,MUC21BK
6955880326570,MUC23BK
6955880326587,MUC23PK
6955880359905,GKR71YL
6955880320660,GDC22P
6955880320677,GDC22Q
6955880352050,GDC22L
6955880313822,GDC22M
6955880350056,GDC210
6955880326969,GDC20GN
6955880326976,GDC20AC
6955880386772,GDC15BU
6955880320622,GDC15C
1680706420264,1-LHC41W
1680706420018,BBC49WT
194343046488,PCK900T66
194343046358,PCK007T66
194343046303,PCK003T66
6955880325894,LES01WT
194343040943,LSF003I02
194343034669,HSR040B41
6955880318681,GLR40Q
6955880318674,GLR30Q
1680706421556,PCT161W01
1680706421612,PCT02W
1680706421609,1-PCT51W
1680706421570,PCT190W01
1680706420195,LCR80X
1680706421582,PCT190G01
1680706420015,BBC410P31
1680706421615,PCT60W
194343046679,PCK902T66
194343046617,PCK901T66
194343027388,LTV060B01
194343044798,PFC003X01
194343045719,PCT116X01
1680706421610,PCT70HW
194343042459,PPD003B01
194343030395,OFC046B01
194343032689,KKI001W09
194343045375,JBC165W01
194343045252,JBC165B01
194343044149,LCR101W09
1680706420453,RDT119W01
194343049083,LBS200T14
194343049625,BCB002B01
194343048819,BLH241B01
194343030937,LNT015B01
1680706420475,1-RVT004B02
194343045412,LLS018T51
194343041513,LET285B13
194343048086,LTS314L10
194343048581,RLS44B
1680706421299,LSF77G
1680706420638,1-LSD011B01
1680706421238,1-JJC99WT
1680706420634,1-LSD015X01
1680706421731,LSD114W01
1680706421687,LBC069B81V1
194343199016,LTB520B6802
194343048871,LCB063N01
194343049427,PGW213G02
194343049595,PGW213G01
0194343013435,GLR050B02
0194343030845,LLS113B01
0194343025346,LLS108B01
0194343031965,GLR060Q02
0194343031958,GLR060B02
0194343025988,LWD039B01
0194343017983,LRC087B01
0194343104225,LUC004B01
0194343020433,RMB063W01
0194343020426,RMB061W01
0194343034577,LLS831B01
0194343034676,HSR400B02
0194343025544,LGT027B01
0194343022529,LWD047B16
0194343107493,RCR004N01
0194343105789,LCR080B02
0194343035925,LWS033B02
0194343031590,HSR411B01
0194343028965,HSR409B01
0194343012049,LET502B01
0194343022994,KKI002B01
0194343107318,LJB073B01
0194343105765,LBS015B02
0194343026794,LBS802B01
0194343012445,LSD012B01
0194343030005,LLS851B01
0194343029306,HSR102B01
0194343105505,LLS054X01
0194343103433,LLS011B01
0194343106779,KSC008G01
0194343104218,GSL002GY01
0194343100388,GLT03BK
0194343025803,KWR028B01
0194343105406,LBS604W01
6955880326280,SYL68GN
6955880326266,SYL65BU
6955880396085,SYL60BS
6955880326242,SYL63OG
6955880304295,SYL20HV1
0194343106434,RFB001Y03
0194343103198,CRI044G01
0194343107189,CRF026W01
0194343019352,SYL609B02
0194343104126,GLR040E02
6955880390588,SYL20LBKV1
6955880396023,SYL20HBK
6955880326259,SYL64PL
6955880326297,SYL69BK
6955880341245,LSP03CW
0194343107165,CRF021W01
0194343100340,PCT18W
0194343035468,LSP106B18
0194343022406,KST007B01
0194343030425,PPK001W01
0194343021010,PCT142G01
0194343035017,LSP007B18
6955880358380,LSP06BK
0194343640150,LET283T14
0194343027036,LCB363G01
6955880390694,KST04BK
1680706421512,PCT113X01
0194343280648,RUB002G01
0194343595470,KKS023B01
0194343573627,LBC026B02
0194343104843,RFB075P01
0194343693949,BBC901B01
0194343934059,LSC094B01
0194343818900,LTV094B01
0194343554543,LSC081B01
0194343148227,LTV095B01
1680706421643,PCT164X01
1680706421510,PCT132W01
1680706421507,1-PCT165W01
1680706421552,PCT162M01
PHH101123423,BLH211G01
0194343032337,LLS107B01
0194343106380,LCT065B01
0194343103945,LWD47MB
0194343040813,LET223G49
0194343018157,LSC096B01
0194343193830,HSR109E01
0194343193854,HSR109B01
194343191232,LBC280K01
0194343198484,RGR003B01
194343037974,GLR060B01
0194343147123,SYL30HBK
0194343140353,LDC170C01
0194343140513,LDC170B01
0194343190327,LSF088G01
0194343018942,KDT077B01
0194343198644,LJB095B01
0194343140476,LGR431B01
0194343193779,JKA012C01
0194343141091,LAC014B01
0194343030944,LLS112B01
0194343031620,RDR002B02
0194343027081,RDR102W02
0194343031477,LBC105T14
0194343190358,BBC566G03
0194343190341,BBK273W21
0194343044385,LJB094G01
0194343045160,LSB062T01
0194343045177,LSB062T14
194343000000,LET223K67
0194343043661,LGS221W14
0194343045221,LTV071B01V1
0194343049533,JJC026W01
0194343043838,LCT646B01
0194343036342,LTV302B01
0194343190716,OBN068G01
0194343191768,LTS024W57
0194343189918,LBC059B82
0194343191348,LBC059B81
0194343190846,LBC048W01
0194343190914,LBC048B01
0194343191485,LSF247G01
0194343188508,LHC012W01
0194343191393,HSR426B01
0194343189642,BBK243W01
0194343189352,OBN037Q01
0194343140742,HSR025A01
0194343140728,HSR025G01
1692178800767,LCT071B13
0194343038452,KKS024B01
0194343144702,KKS037W41EU
0194343186894,KKS039K01
0194343189376,OBN037G01
0194343194462,LET619T67
0194343194172,LET619T56
0194343194158,LET619T14
0194343199306,HSR025P01
0194343185781,LSD026N01
0194343194189,HSR062W01
0194343044422,OBG020Q01
0194343184395,RDT163W01
0194343045658,KKS026B02
0194343188867,KKS026B42
0194343045610,KKS026B01
194343034195,JJC012W01
0194343147642,RGR112W09
0194343049809,LWD191B56
0194343045603,BBC552P31
0194343184005,LTB540W4002
0194343184012,LTB540B4002
0194343198873,PFC003G01
0194343042800,OBG040G01
194343036304,LSD202X01
194343036281,LSD201B02
194343036298,LSD201W01
6955880307395,GCB08GN
0194343048659,BLH231G02
0194343040646,LPC033W01
0194343040653,LPC033B01
194343042619,BLH301W01
194343042602,BLH301G01
0194343042893,LWD039B56
0194343199771,BLH201W11
194343042305,BLH101B01
0194343107783,RDT115W01
0194343013497,KDT070B01
0194343043449,LHS024T01
0194343010502,RCR07WT
0194343041612,LET040B59
0194343041629,LET040B22
0194343039138,CRP041W02
0194343195445,LET325B22
194343047096,JBC161W01
0194343045238,LWS033B11
0194343042626,BBK124W14
0194343042190,LET502B14
194343184746,HSR027B01
194343185644,LRC035B01
0194343041025,LLS107B60
194343152042,LET228W02
194343143026,LET335K02
194343045788,JJS019B01
0194343045214,LGT050G01
194343082158,LHS015T60
0194343039091,RGR116W09
0194343044552,LTV027T46
194343187129,LWD048B56
194343188188,LRC092A62
194343081144,LNT111K01
194343189345,LGT045A61
194343082189,LBC080B01
194343184739,BBC066G02
194343187389,LTB591W0802
194343187365,LTB590C0602
194343199672,LPI009B01
194343199764,LPI010B01
194343184838,HSR027W01
194343153520,PFC023X01
194343146102,LET653W02
194343146171,LET652W01
194343146201,LET623W02
194343187501,HSR425B01
194343185637,LRC034B01
194343050041,HSR421B01
194343199832,BBK567T14
194343194059,JOW012K01
194343155074,LSA419B01
194343155050,LSA319B01
194343155067,LSA219B01
194343145006,OFC055B01
194343153841,OBN040G01
194343154060,OBN040B01
194343145846,LSF076Q02
194343145853,LSF076K01
194343145839,LSF076B01
194343145884,LSF046B01
194343149998,LOM076C01
194343149981,LOM076B01
194343151731,JBC168B01
194343151502,BBK361B21
194343146188,LET622W01
194343146195,LET822B02
194343152028,LET228G02
194343152011,LET228C05
194343151991,LET228B02
194343145983,HSR429B01
194343080529,LBS801B01
194343107967,LNT081B02
194343185262,OMC002W02
194343145990,LCR004N01
194343081663,LDC094B01
194343071442,RMB095B01
194343186177,LTS323W01
194343047928,LBC010B50
194343146676,LCR005W01
194343149738,LCR005N01
194343146065,LCR004W01
194343145228,OSC008B01
194343143286,LCB509B01
194343146652,KKS031Y19
194343146645,KKS031K12
194343146638,KKS031K11
194343149936,LSD124X01
194343149943,LSD124W01
194343149929,LSD122W01
194343149912,LSD122X01
0194343160740,LWD098B56
0194343160733,LWD098B01
0194343160719,LWD097B01
0194343044170,LAC001G01
194343191713,LMR019B01
0194343081090,LHS130B01
0194343156729,LTB542E20
0194343156736,LTB542B02
0194343082219,LSD019W01
0194343078410,JJC004W02
0194343150406,KKS096B22
0194343080864,KKS096B02
194343199795,LHS009W14
0194343199467,LHS009B01
194343146218,BBC552G01
0194343050775,BBC551P31
194343152004,KKS025B32
194343048147,KKS025W41EU
0194343013398,KKS025B01EU
194343048161,LTS514L10
194343154671,RCR011W01
194343154466,RCR011B01
0194343156712,LTB542W02
0194343142630,GGF022B02
194343186191,LTS514W01
194343048574,LTB520E68
194343199023,LTB520W6802
194343045726,PCT116G01
194343146157,PDC006G01
194343146140,PDC003B01
0194343140964,GDC197M01
0194343142906,LWD141B82
0194343141732,LWD141B81
0194343031491,LBC107T14
0194343195377,LOM073C01
0194343195360,LOM073K01
0194343143682,LDC180K02
0194343143699,LDC180B02
0194343029139,GPU116R01
0194343029443,GPU116M01
0194343189901,LBC059C01
0194343190907,LBC046B01
0194343195193,LGT502B61
0194343195209,LGT502A01
0194343199009,LWD192B56
0194343037004,LSD026X01
0194343082042,LSD026W02
0194343080574,BBC542P31V1
0194343187259,KKS037B02EU
0194343187242,KKS037B01EU
194343153322,LWD095K01
194343153315,LWD095B01
0194343143088,GHS002Q01
0194343039121,LAC014K01
0194343141084,LAC014C01
0194343199405,LGT811B61
0194343080567,OBG066B01
0194343195452,LET325B01
0194343146577,LTV301B01
194343017679,RVT004B50
194343153070,LBC888K01
194343153063,LBC888B01
194343157443,LBC088K01
194343157436,LBC088B01
194343155203,JJS025W01
194343155258,JJS025B01
194343155197,JJS025A01
194343155272,JJS024W01
194343155289,JJS024B01
194343155265,JJS024A01
194343187075,OMC002B01
194343150697,GCB230G01
194343145280,GCB230B01
194343145235,OSC008G01
194343144580,LGT040W01
194343144573,LGT040B03
194343151427,HSR153B01
194343151410,HSR152W01
194343151434,HSR152B01
194343151373,HSR151W01
194343151397,HSR151B01
194343144245,LBC089C01
194343144252,LBC089B01
194343143491,SZQ084B01
194343189468,GKR042W01
194343196107,GKR041G10
194343196022,GKR041W10
194343195674,GKR033G10
194343195681,GKR033W10
194343198538,LPC062K01
194343191201,LBC290K01
194343151649,LLS112B50
194343030685,LBC169T14
194343031507,LBC108T14
194343044378,LJB094B01
0194343190037,LNT111W01
0194343184449,PCT003W01
194343140735,LFM010B01V1
0194343044262,HSR107E01
0194343044033,HSR107B01
194343144184,PCT192P01
194343144191,PCT192T01
194343160306,LPC040W01
194343154473,LPC032W01
194343153711,OBG020W01
194343154923,OBG020G04
194343154695,PCT166W01
194343155104,PCT166G03
194343196091,GKR034G10
6955880308873,GLR88Q
0194343147420,GLR037B01
0194343191195,LLS831W14
0194343034560,LGT022A61
194343151755,KKS024B22
0194343041711,PCT113G01
194343154664,PCT002T01
194343154657,PCT002P01
194343154633,PCT002M01
194343154626,PCA022M01
0194343148274,PCA022W01
0194343033990,PCA021X01
0194343034942,RYG025B02
0194343033532,LWM102B01
0194343146737,LSD018W01
0194343146768,LSD018B01
0194343140995,LWD073B56
0194343026763,LRC090A03
194343152066,LLS129B56
194343152059,LLS129B01
6955880326181,PTD65BU
6955880396078,SYL50BS
194343028088,SYL068BK
6955880391301,GGB879
194343029566,SZQ422O01
0194343147093,GSL003GY01
194343155449,LWD043B56
194343155463,LWD039W70
194343196398,LBC070B22
194343196404,LBC070W09
0194343020600,CRI034B02
194343151533,CRF027K05
194343154688,PCT164G02
194343044316,LHS051W01
0194343147185,LRC032B01V1
0194343147154,RCR60WT
6955880326273,SYL66RD
0194343019482,GDC022G01
194343014395,LSP032W06
6955880399833,SZQ300BK
194343037912,STR081C01
0194343037639,GLR050G01
0194343035772,GLR050B11
0194343028477,GLR050B01
194343013459,GLR040O01
0194343107905,GLR040B01
6955880306978,GDC34QW
6955880306961,GDC34BE
194343141329,STR143Q01
194343039169,STR083C01
6955880326228,SYL61PK
0194343101682,RDR02WT
0194343101675,RDR01WT
0194343147031,RUS08GY
6955880338795,GGB593V1
6955880399888,PCT59W
0194343100913,HSR23BK
0194343147918,HSR67BK02
194343153308,LGT132A01
0194343143040,LWD049B56
0194343147314,RYG02GY
6955880399826,SZQ215BK
6955880387496,CRF26PK
6955880387489,CRF26BK
6955880357437,PCT52M
6955880306398,LLR53BU
6955880358854,LCT43X
6955880307586,LCT11CY
6955880358021,PCB07GAX
6955880326235,SYL62YL
6955880323586,JKA104
0194343147529,SYL612GN
0194343198088,LSP12SG30
6955880338009,LCT14GL
6955880353026,SYQ400
6955880327690,LPI111W
0194343147925,HSR60B
6955880306404,PCT69W
0194343147390,PCT51W
0194343146591,LWD72X
194343025872,LWD046B02
0194343147956,LWD47X
0194343146232,LBS73X
0194343147857,LHS30BX
6955880347742,LSF03G
0194343147086,LSF03H
0194343000251,HSR41BX
0194343147338,GLR40SV
0194343029092,CRW001-20
0194343029085,CRW03W-20
0194343148182,CRW001-10
0194343148205,CRW007-12
194343153643,PCT614T01
194343153766,PCT614P01
194343153773,PCT614M01
194343153797,PCT061P01
0194343040882,PCT612W01
0194343040905,PCT614W01
194343038483,STR061Q01
6955880396061,SYL30LBK
194343153810,OBG033W01
194343153926,OBG033Q01
194343153889,OBG033P01
194343153896,OBG033K01
194343154121,OBG033G01
194343153988,OBG033B01
194343153858,OBG031W01
194343155388,OBG031P01
194343155395,OBG031G01
194343155401,OBG031B01
194343155180,BBK130W01
194343155166,BBK129W01
194343162676,LTB630W68
194343162683,LTB630E68
194343148847,LLS125W57
194343148823,LLS124W57
194343152714,LLS124B56
194343148816,LLS123W57
194343148793,LLS122W57
194343148809,LLS122B56
194343156941,KWR25BR
194343145402,OFC055W14
194343145396,OFC055B16
194343145860,LSF046Q02
194343151694,JBC168W01
194343045924,LTV331T10
194343153513,PFC023G01
194343148427,LVT002W57
194343145594,GSA402M01
194343145822,GSA402G02
194343145815,GSA352G02
194343145808,GSA352G01
194343145792,GSA302M01
194343145693,GSA302G02
194343145686,GSA302G01
194343145679,GSA252G02
19434314566,GSA252G01
194343145655,GSA202G02
194343046693,LLR540W01
194343144313,LLS127B56
194343143125,GSA143G01
194343143118,GSA143G02
194343142241,GPU057Y01
194343142197,GPU057K01
194343142258,GPU057G01
194343144375,RLS005B01
194343144368,RLS004W01
194343144351,RLS004G01
194343144344,RLS004B01
194343144337,RLS003B01
194343149868,LCB515W01
194343148397,LCB515G01
194343148434,LCB515B01
194343149806,LCB513W01
194343148465,LCB513G01
194343148458,LCB513B01
194343148496,LCB509W01
194343143224,LCB509Q01
194343148489,LCB509N01V1
194343143255,LCB509G01
194343148472,LCB509C01
194343149875,LCB506W01
194343143309,LCB506B01
194343035475,LTB202E01
194343187884,RPF022X01
194343198514,RPF022N01
194343146997,RDT126W01
194343151779,OBN065B01
194343145082,LBT140B01
194343140919,OFC058B01
194343140926,OFC056B56
194343140902,OFC056B01
194343144382,LTB810E08
194343151656,LTB570E50
194343189307,LTB561E10
194343189406,LTB561B10
194343186818,LTB560E05
194343195766,LLS582Y57
194343198682,LBC072Y70
194343198699,LBC072G49
194343195292,BBK502G01
194343195285,BBK502W01
194343140759,BBK126G01
194343140940,BBK126W01
194343141244,BBC847G02
194343046136,LLR770W01
194343049403,LLR770G01
194343046129,LLR770B01
6955880392193,GSH33TP
6955880305285,GSH33IVV1
194343150338,BBK273G22
194343190662,LSF277W01
194343190648,LSF227W01
194343150321,BBK243G02
194343187099,KKS039Y09
0194343185033,RMB802G71
194343140933,BBC552P36
194343141008,JOW012B01
194343146225,BBC551G02
194343146898,RMB094B01
194343050331,LTB610E50
194343145617,PFC002X01
194343145631,PFC001X01
194343145624,PFC001G01
194343151564,PFC004B01
194343151571,PFC003B01
194343144672,JBC165Q01
194343144542,JBC165C02
194343141749,OMC013S01
194343150284,JBC195W01
194343148403,JBC195B01
194343150307,JBC192W01
194343150291,JBC164C02
194343149776,LSD116W01
194343149783,LSD116N01
194343149752,LSD114N01
194343149745,LSD112N01
194343149769,LSD116X01
194343038544,RYG092G02
194343038476,RYG008G02
194343038100,GSA164G03
194343038179,GSA565G03
6955880387632,LSD11BK
194343153285,LET283T41
6955880396214,PGW05YC
6955880391448,PGW19GG
6955880391431,PGW18GG
6955880396238,PGW07YC
194343150796,PGW200G01
194343038797,PGW077G01
194343038551,RYG094G02
194343038803,PGW078G01
0194343028156,RMB073B01
194343022581,GKR051W01
194343145648,BSC036B01
194343141275,RFB760P03
194343141251,RFB760P02
194343016504,GCB022K01
194343153971,LTS523W01
194343153964,LTS523L10
194343036663,GSA584G01
194343032344,OBN063B01
194343154343,OBG012R01
194343154084,OBG012G03
194343109152,LET054M01
194343025483,LET512A10
194343016498,GCB192K01
194343153032,PGW010R01
194343151465,BBC410P36
194343020204,LTB018B01
6955880317622,RDT15W
194343154299,RPF025A01
194343154312,RPF020Q01
194343154305,RPF020N01
194343102610,JMC020PK
194343107417,JMC020P02
194343107431,JMC020P01
194343102603,JMC019PK
194343102627,JMC018BU
0194343014654,RMB063B01
194343037295,RMB065B01
194343016474,GCB019B01
194343196473,OFC041W46
194343196466,OFC041B56
194343153292,LGT024B61
194343144696,LBT218B56
194343144689,LBT218B02
194343145976,LLS104B50
194343141268,LLS101B56
6955880327294,KSC02WT
6955880392070,GSS44GY
194343020228,LTB017G01
194343020242,LTB017W01
194343019826,LTB015B01
194343020044,LTB015W01
6955880357567,LSA10BK
6955880399796,GPU35BR
6955880392902,GPU25RD
6955880387342,LDC84GYX
6955880355822,PDC80W
6955880313778,PDC80H
6955880393541,LPT66BU
0194343042299,GLR030E02
0194343108759,GLR030B01
6955880358267,GMB30BK
194343018843,LHC040G01
194343038162,GSA204G03
194343016054,GSA204G02
194343146126,LSC092B60
6955880387502,RFB01PG
194343153902,JBC176W01
194343153360,JBC173W01
6955880394272,JBC239GY
194343154909,OBG019W01
194343153278,OBG019P02
194343154367,OBG019G03
194343198736,LRC072K60
6955880309399,LYY30GY
194343160344,KSC010B01
6955880333523,LBC41WT
6955880301102,KWR002NL
6955880390229,RDS52W
6955880332519,LWS68WT
